{
  "swagger": "2.0",
  "info": {
    "title": "recruit/recruit.proto",
    "version": "version not set"
  },
  "schemes": [
    "http",
    "https"
  ],
  "consumes": [
    "application/json"
  ],
  "produces": [
    "application/json"
  ],
  "paths": {
    "/api/v1/recruit/bkAddJob": {
      "post": {
        "operationId": "AddJob",
        "responses": {
          "200": {
            "description": "",
            "schema": {
              "$ref": "#/definitions/recruitAddJobResponse"
            }
          }
        },
        "parameters": [
          {
            "name": "body",
            "in": "body",
            "required": true,
            "schema": {
              "$ref": "#/definitions/recruitAddJobRequest"
            }
          }
        ],
        "tags": [
          "RecruitService"
        ]
      }
    },
    "/api/v1/recruit/bkEditJob": {
      "post": {
        "operationId": "EditJob",
        "responses": {
          "200": {
            "description": "",
            "schema": {
              "$ref": "#/definitions/recruitEditJobResponse"
            }
          }
        },
        "parameters": [
          {
            "name": "body",
            "in": "body",
            "required": true,
            "schema": {
              "$ref": "#/definitions/recruitEditJobRequest"
            }
          }
        ],
        "tags": [
          "RecruitService"
        ]
      }
    },
    "/api/v1/recruit/bkPublishList": {
      "post": {
        "operationId": "PublishJob",
        "responses": {
          "200": {
            "description": "",
            "schema": {
              "$ref": "#/definitions/recruitPublishJobResponse"
            }
          }
        },
        "parameters": [
          {
            "name": "body",
            "in": "body",
            "required": true,
            "schema": {
              "$ref": "#/definitions/recruitPublishJobRequest"
            }
          }
        ],
        "tags": [
          "RecruitService"
        ]
      }
    },
    "/api/v1/recruit/bkSetStop": {
      "post": {
        "operationId": "SetJobStop",
        "responses": {
          "200": {
            "description": "",
            "schema": {
              "$ref": "#/definitions/recruitSetJobStopResponse"
            }
          }
        },
        "parameters": [
          {
            "name": "body",
            "in": "body",
            "required": true,
            "schema": {
              "$ref": "#/definitions/recruitSetJobStopRequest"
            }
          }
        ],
        "tags": [
          "RecruitService"
        ]
      }
    },
    "/api/v1/recruit/getJobInfo": {
      "post": {
        "operationId": "GetJobInfo",
        "responses": {
          "200": {
            "description": "",
            "schema": {
              "$ref": "#/definitions/recruitGetJobInfoResponse"
            }
          }
        },
        "parameters": [
          {
            "name": "body",
            "in": "body",
            "required": true,
            "schema": {
              "$ref": "#/definitions/recruitGetJobInfoRequest"
            }
          }
        ],
        "tags": [
          "RecruitService"
        ]
      }
    },
    "/api/v1/recruit/getJobList": {
      "post": {
        "operationId": "GetJobList",
        "responses": {
          "200": {
            "description": "",
            "schema": {
              "$ref": "#/definitions/recruitGetJobListResponse"
            }
          }
        },
        "parameters": [
          {
            "name": "body",
            "in": "body",
            "required": true,
            "schema": {
              "$ref": "#/definitions/recruitGetJobListRequest"
            }
          }
        ],
        "tags": [
          "RecruitService"
        ]
      }
    }
  },
  "definitions": {
    "recruitAddJobRequest": {
      "type": "object",
      "properties": {
        "job_type": {
          "type": "string"
        },
        "job_name": {
          "type": "string"
        },
        "publish_user_name": {
          "type": "string"
        },
        "create_date": {
          "type": "string"
        },
        "job_info": {
          "type": "string"
        }
      }
    },
    "recruitAddJobResponse": {
      "type": "object",
      "properties": {
        "status": {
          "type": "integer",
          "format": "int32"
        },
        "message": {
          "type": "string"
        },
        "data": {
          "$ref": "#/definitions/recruitResRecruitData"
        }
      }
    },
    "recruitEditJobRequest": {
      "type": "object",
      "properties": {
        "job_type": {
          "type": "string"
        },
        "job_name": {
          "type": "string"
        },
        "publish_user_name": {
          "type": "string"
        },
        "create_date": {
          "type": "string"
        },
        "job_info": {
          "type": "string"
        },
        "language_type": {
          "type": "string"
        }
      }
    },
    "recruitEditJobResponse": {
      "type": "object",
      "properties": {
        "status": {
          "type": "integer",
          "format": "int32"
        },
        "message": {
          "type": "string"
        },
        "data": {
          "$ref": "#/definitions/recruitResRecruitData"
        }
      }
    },
    "recruitGetJobInfoRequest": {
      "type": "object",
      "properties": {
        "job_id": {
          "type": "string"
        },
        "job_name": {
          "type": "string"
        },
        "job_type": {
          "type": "string"
        },
        "language_type": {
          "type": "string"
        }
      }
    },
    "recruitGetJobInfoResponse": {
      "type": "object",
      "properties": {
        "status": {
          "type": "integer",
          "format": "int32"
        },
        "message": {
          "type": "string"
        },
        "data": {
          "$ref": "#/definitions/recruitResRecruitData"
        }
      }
    },
    "recruitGetJobListRequest": {
      "type": "object",
      "properties": {
        "status": {
          "type": "integer",
          "format": "int32"
        },
        "language_type": {
          "type": "string"
        }
      }
    },
    "recruitGetJobListResponse": {
      "type": "object",
      "properties": {
        "status": {
          "type": "integer",
          "format": "int32"
        },
        "message": {
          "type": "string"
        },
        "data": {
          "$ref": "#/definitions/recruitResRecruitData"
        }
      }
    },
    "recruitPublishJobRequest": {
      "type": "object",
      "properties": {
        "job_id": {
          "type": "string"
        }
      }
    },
    "recruitPublishJobResponse": {
      "type": "object",
      "properties": {
        "status": {
          "type": "integer",
          "format": "int32"
        },
        "message": {
          "type": "string"
        },
        "data": {
          "$ref": "#/definitions/recruitResRecruitData"
        }
      }
    },
    "recruitRecruit": {
      "type": "object",
      "properties": {
        "job_id": {
          "type": "string"
        },
        "status": {
          "type": "integer",
          "format": "int32"
        },
        "job_name": {
          "type": "string"
        },
        "job_type": {
          "type": "integer",
          "format": "int32"
        },
        "job_info": {
          "type": "string"
        },
        "language_type": {
          "type": "string"
        },
        "update_user_name": {
          "type": "string"
        },
        "create_date": {
          "type": "string"
        },
        "update_date": {
          "type": "string"
        }
      }
    },
    "recruitResRecruitData": {
      "type": "object",
      "properties": {
        "data": {
          "type": "array",
          "items": {
            "$ref": "#/definitions/recruitRecruit"
          }
        },
        "count": {
          "type": "integer",
          "format": "int32"
        }
      }
    },
    "recruitSetJobStopRequest": {
      "type": "object",
      "properties": {
        "job_id": {
          "type": "string"
        }
      }
    },
    "recruitSetJobStopResponse": {
      "type": "object",
      "properties": {
        "status": {
          "type": "integer",
          "format": "int32"
        },
        "message": {
          "type": "string"
        },
        "data": {
          "$ref": "#/definitions/recruitResRecruitData"
        }
      }
    }
  }
}
