{
  "swagger": "2.0",
  "info": {
    "title": "message/message.proto",
    "version": "version not set"
  },
  "schemes": [
    "http",
    "https"
  ],
  "consumes": [
    "application/json"
  ],
  "produces": [
    "application/json"
  ],
  "paths": {
    "/api/v1/message/bkGetMessageList": {
      "post": {
        "operationId": "GetMessageList",
        "responses": {
          "200": {
            "description": "",
            "schema": {
              "$ref": "#/definitions/messageGetMessageListResponse"
            }
          }
        },
        "parameters": [
          {
            "name": "body",
            "in": "body",
            "required": true,
            "schema": {
              "$ref": "#/definitions/messageGetMessageListRequest"
            }
          }
        ],
        "tags": [
          "MessageService"
        ]
      }
    },
    "/api/v1/message/bkSetComplete": {
      "post": {
        "operationId": "DealMessage",
        "responses": {
          "200": {
            "description": "",
            "schema": {
              "$ref": "#/definitions/messageDealMessageResponse"
            }
          }
        },
        "parameters": [
          {
            "name": "body",
            "in": "body",
            "required": true,
            "schema": {
              "$ref": "#/definitions/messageDealMessageRequest"
            }
          }
        ],
        "tags": [
          "MessageService"
        ]
      }
    },
    "/api/v1/message/leaveMessage": {
      "post": {
        "operationId": "CreateLeavingMessage",
        "responses": {
          "200": {
            "description": "",
            "schema": {
              "$ref": "#/definitions/messageCreateLeavingMessageResponse"
            }
          }
        },
        "parameters": [
          {
            "name": "body",
            "in": "body",
            "required": true,
            "schema": {
              "$ref": "#/definitions/messageCreateLeavingMessageRequest"
            }
          }
        ],
        "tags": [
          "MessageService"
        ]
      }
    }
  },
  "definitions": {
    "messageCreateLeavingMessageRequest": {
      "type": "object",
      "properties": {
        "user_name": {
          "type": "string"
        },
        "user_email": {
          "type": "string"
        },
        "user_phone": {
          "type": "string"
        },
        "user_address": {
          "type": "string"
        },
        "game_type": {
          "type": "string"
        },
        "user_experience": {
          "type": "string"
        },
        "game_info": {
          "type": "string"
        },
        "message": {
          "type": "string"
        },
        "message_type": {
          "type": "integer",
          "format": "int32"
        }
      }
    },
    "messageCreateLeavingMessageResponse": {
      "type": "object",
      "properties": {
        "status": {
          "type": "integer",
          "format": "int32"
        },
        "message": {
          "type": "string"
        },
        "data": {
          "$ref": "#/definitions/messageResMessageData"
        }
      }
    },
    "messageDealMessageRequest": {
      "type": "object",
      "properties": {
        "message_id": {
          "type": "string"
        }
      }
    },
    "messageDealMessageResponse": {
      "type": "object",
      "properties": {
        "status": {
          "type": "integer",
          "format": "int32"
        },
        "message": {
          "type": "string"
        },
        "data": {
          "$ref": "#/definitions/messageResMessageData"
        }
      }
    },
    "messageGetMessageListRequest": {
      "type": "object",
      "properties": {
        "message_type": {
          "type": "integer",
          "format": "int32"
        }
      }
    },
    "messageGetMessageListResponse": {
      "type": "object",
      "properties": {
        "status": {
          "type": "integer",
          "format": "int32"
        },
        "message": {
          "type": "string"
        },
        "data": {
          "$ref": "#/definitions/messageResMessageData"
        }
      }
    },
    "messageMessage": {
      "type": "object",
      "properties": {
        "message_id": {
          "type": "string"
        },
        "user_name": {
          "type": "string"
        },
        "user_email": {
          "type": "string"
        },
        "user_phone": {
          "type": "string"
        },
        "user_address": {
          "type": "string"
        },
        "game_type": {
          "type": "string"
        },
        "message_status": {
          "type": "integer",
          "format": "int32"
        },
        "deal_user_name": {
          "type": "string"
        },
        "deal_date": {
          "type": "string"
        },
        "create_date": {
          "type": "string"
        },
        "user_experience": {
          "type": "string"
        },
        "game_info": {
          "type": "string"
        },
        "message": {
          "type": "string"
        },
        "message_type": {
          "type": "integer",
          "format": "int32"
        }
      }
    },
    "messageResMessageData": {
      "type": "object",
      "properties": {
        "data": {
          "type": "array",
          "items": {
            "$ref": "#/definitions/messageMessage"
          }
        },
        "count": {
          "type": "integer",
          "format": "int32"
        }
      }
    }
  }
}
